name;slug;value;date_of_information;ranking;region
Afghanistan;afghanistan;3.2;2019 est.;138;South Asia
Albania;albania;3.9;2019 est.;105;Europe
Algeria;algeria;6.1;2019 est.;30;Africa
Andorra;andorra;3.2;2019 est.;139;Europe
Angola;angola;1.8;2019 est.;181;Africa
Anguilla;anguilla;3.6;2018 est.;115;Central America and the Caribbean
Antigua and Barbuda;antigua-and-barbuda;3.3;2020 est.;135;Central America and the Caribbean
Argentina;argentina;4.8;2019 est.;72;South America
Armenia;armenia;2.7;2020 est.;162;Middle East
Aruba;aruba;5.5;2016 est.;40;Central America and the Caribbean
Australia;australia;5.1;2018 est.;56;Australia and Oceania
Austria;austria;5.2;2018 est.;53;Europe
Azerbaijan;azerbaijan;2.7;2019 est.;163;Middle East
Bahamas;bahamas-the;2.5;2020 est.;167;Central America and the Caribbean
Bahrain;bahrain;2.3;2017 est.;172;Middle East
Bangladesh;bangladesh;1.3;2019 est.;186;South Asia
Barbados;barbados;4.3;2020 est.;89;Central America and the Caribbean
Belarus;belarus;5;2020 est.;62;Europe
Belgium;belgium;6.4;2018 est.;26;Europe
Belize;belize;7.9;2020 est.;11;Central America and the Caribbean
Benin;benin;3;2019 est.;149;Africa
Bosnia and Herzegovina;bermuda;1.3;2017 est.;187;North America
Bhutan;bhutan;6.9;2018 est.;20;South Asia
Bolivia;bolivia;7.3;2014 est.;17;South America
Botswana;botswana;6.9;2019 est.;21;Africa
Brazil;brazil;6.1;2018 est.;31;South America
BritishVirginIslands;british-virgin-islands;2.9;2019 est.;153;Central America and the Caribbean
Brunei ;brunei;4.4;2016 est.;86;East and Southeast Asia
Bulgaria;bulgaria;4.1;2017 est.;98;Europe
Burkina Faso;burkina-faso;5.8;2019 est.;36;Africa
Burma;burma;2;2019 est.;178;East and Southeast Asia
Burundi;burundi;5.1;2018 est.;57;Africa
Cabo Verde ;cabo-verde;4.7;2019 est.;74;Africa
Cambodia ;cambodia;2.2;2018 est.;175;East and Southeast Asia
Cameroon;cameroon;3.1;2019 est.;143;Africa
Canada;canada;5.3;2011 est.;48;North America
Central African Republic;central-african-republic;1.8;2019 est.;182;Africa
Chad;chad;2.4;2019 est.;171;Africa
Chile ;chile;5.4;2018 est.;41;South America
China;china;3.5;2018 est.;123;East and Southeast Asia
Colombia;colombia;4.5;2019 est.;82;South America
Comoros ;comoros;2.5;2015 est.;168;Africa
Congodemocraticrepublicof;congo-democratic-republic-of-the;1.5;2017 est.;184;Africa
CongoRepublicof;congo-republic-of-the;3.9;2019 est.;106;Africa
Cook Islands ;cook-islands;3.5;2019 est.;124;Australia and Oceania
Costa Rica;costa-rica;6.7;2020 est.;24;Central America and the Caribbean
Cote d'Ivoire;cote-divoire;3.7;2019 est.;112;Africa
Croatia ;croatia;3.9;2017 est.;107;Europe
Curacao;curacao;4.9;2013 est.;67;Central America and the Caribbean
Cyprus ;cyprus;5.8;2017 est.;37;Europe
Czech;czechia;4.3;2018 est.;90;Europe
Denmark;denmark;7.8;2017 est.;12;Europe
Djibouti ;djibouti;3.6;2018 est.;116;Africa
Dominica;dominica;5;2020 est.;63;Central America and the Caribbean
Dominican Republic;dominican-republic;4;2019 est.;102;Central America and the Caribbean
Ecuador ;ecuador;4.1;2020 est.;99;South America
Egypt;egypt;3.9;2015 est.;108;Africa
El Salvador;el-salvador;3.4;2019 est.;129;Central America and the Caribbean
Estonia;estonia;5.2;2018 est.;54;Europe
Eswatini;eswatini;5.3;2020 est.;49;Africa
Ethiopia;ethiopia;5.1;2018 est.;58;Africa
Faroe Islands;faroe-islands;8.2;2017 est.;9;Europe
Fiji;fiji;5.1;2019 est.;59;Australia and Oceania
Finland;finland;6.3;2018 est.;27;Europe
France;france;5.4;2018 est.;42;Europe
Gabon;gabon;2.8;2019 est.;160;Africa
Gambia;gambia-the;2.9;2019 est.;154;Africa
Gaza Strip;gaza-strip;5.3;2018 est.;50;Middle East
Georgia;georgia;3.8;2020 est.;111;Middle East
Germany;germany;5;2018 est.;64;Europe
Ghana;ghana;4;2018 est.;103;Africa
Greece;greece;3.6;2018 est.;117;Europe
Greenland;greenland;10.6;2018 est.;2;North America
Grenada;grenada;3.6;2018 est.;118;Central America and the Caribbean
Guatemala;guatemala;3.3;2020 est.;136;Central America and the Caribbean
Guinea;guinea;2.2;2020 est.;176;Africa
Guinea-Bissau;guinea-bissau;2.9;2019 est.;155;Africa
Guyana;guyana;4.5;2018 est.;83;South America
Haiti;haiti;1.7;2018 est.;183;Central America and the Caribbean
Honduras;honduras;4.9;2019 est.;68;Central America and the Caribbean
Hong Kong;hong-kong;4.4;2020 est.;87;East and Southeast Asia
Hungary;hungary;4.6;2018 est.;79;Europe
Iceland;iceland;7.6;2018 est.;13;Europe
India;india;3.5;2016 est.;125;South Asia
Indonesia;indonesia;2.8;2019 est.;161;East and Southeast Asia
Iran;iran;3.7;2019 est.;113;Middle East
Ireland;ireland;3.4;2018 est.;130;Europe
Israel;israel;6.2;2018 est.;28;Middle East
Italy;italy;4.3;2018 est.;91;Europe
Jamaica;jamaica;5.4;2020 est.;43;Central America and the Caribbean
Japan;japan;3.2;2017 est.;140;East and Southeast Asia
Jordan;jordan;3;2019 est.;150;Middle East
Kazakhstan;kazakhstan;2.9;2019 est.;156;Central Asia
Kenya;kenya;5.1;2020 est.;60;Africa
Kiribati;kiribati;12.4;2019 est.;1;Australia and Oceania
Korea;korea-south;4.5;2018 est.;84;East and Southeast Asia
Kuwait;kuwait;6.6;2020 est.;25;Middle East
Kyrgyzstan;kyrgyzstan;5.4;2019 est.;44;Central Asia
Laos;laos;2.9;2014 est.;157;East and Southeast Asia
Latvia;latvia;4.2;2018 est.;94;Europe
Lebanon;lebanon;2.6;2019 est.;164;Middle East
Lesotho;lesotho;7.4;2020 est.;16;Africa
Liberia;liberia;2.3;2020 est.;173;Africa
Liechtenstein;liechtenstein;2.6;2011 est.;165;Europe
Lithuania;lithuania;3.9;2018 est.;109;Europe
Luxembourg;luxembourg;3.7;2018 est.;114;Europe
Macao;macau;3.1;2019 est.;144;East and Southeast Asia
Madagascar;madagascar;2.9;2019 est.;158;Africa
Malawi;malawi;2.9;2020 est.;159;Africa
Malaysia;malaysia;4.2;2019 est.;95;East and Southeast Asia
Maldives;maldives;4.1;2019 est.;100;South Asia
Mali;mali;3.4;2019 est.;131;Africa
Malta;malta;4.7;2017 est.;75;Europe
Marshall Islands;marshall-islands;9.6;2019 est.;5;Australia and Oceania
Mauritania;mauritania;1.9;2020 est.;179;Africa
Mauricio;mauritius;4.6;2020 est.;80;Africa
Mexico;mexico;4.3;2018 est.;92;North America
Micronesia;micronesia-federated-states-of;9.7;2018 est.;4;Australia and Oceania
Moldova;moldova;6.1;2019 est.;32;Europe
Monaco;monaco;1.2;2019 est.;189;Europe
Mongolia;mongolia;4.9;2019 est.;69;East and Southeast Asia
Montserrat;montserrat;9.1;2019 est.;8;Central America and the Caribbean
Mozambique;mozambique;6.2;2019 est.;29;Africa
Namibia;namibia;9.4;2020 est.;6;Africa
Nepal;nepal;4.4;2018 est.;88;South Asia
Netherlands;netherlands;5.4;2018 est.;45;Europe
New Zealand;new-zealand;6;2018 est.;34;Australia and Oceania
Nicaragua;nicaragua;3.4;2019 est.;132;Central America and the Caribbean
Niger;niger;3.5;2019 est.;126;Africa
Norway;norway;7.6;2018 est.;14;Europe
Oman;oman;5.4;2019 est.;46;Middle East
Pakistan;pakistan;2.5;2019 est.;169;South Asia
Panama;panama;3.1;2019 est.;145;Central America and the Caribbean
Papua New Guinea;papua-new-guinea;1.9;2018 est.;180;East and Southeast Asia
Paraguay ;paraguay;3.5;2019 est.;127;South America
Peru;peru;4.2;2020 est.;96;South America
Philippines ;philippines;3.2;2019 est.;141;East and Southeast Asia
Poland ;poland;4.6;2018 est.;81;Europe
Portugal;portugal;4.7;2018 est.;76;Europe
Puerto Rico;puerto-rico;6.1;2014 est.;33;Central America and the Caribbean
Qatar;qatar;3.2;2020 est.;142;Middle East
Romania;romania;3.3;2018 est.;137;Europe
Russia;russia;4.7;2018 est.;77;Central Asia
Rwanda;rwanda;3.4;2020 est.;133;Africa
Saint Kitts and Nevis;saint-kitts-and-nevis;2.6;2015 est.;166;Central America and the Caribbean
Saint Lucia;saint-lucia;3.6;2020 est.;119;Central America and the Caribbean
Saint Vincent and the Grenadines;saint-vincent-and-the-grenadines;5.7;2018 est.;38;Central America and the Caribbean
Samoa;samoa;4.8;2020 est.;73;Australia and Oceania
San Marino;san-marino;3.4;2019 est.;134;Europe
SaoTomeandPrincipe;sao-tome-and-principe;5.9;2019 est.;35;Africa
Senegal;senegal;5.3;2019 est.;51;Africa
Serbia;serbia;3.6;2019 est.;120;Europe
Seychelles;seychelles;3.9;2019 est.;110;Africa
Sierra Leone;sierra-leone;9.3;2020 est.;7;Africa
Singapore;singapore;2.5;2020 est.;170;East and Southeast Asia
Slovakia;slovakia;4;2018 est.;104;Europe
Slovenia;slovenia;4.9;2018 est.;70;Europe
Solomon Islands;solomon-islands;10.1;2015 est.;3;Australia and Oceania
South Africa;south-africa;6.8;2020 est.;22;Africa
South Sudan;south-sudan;1.5;2016 est.;185;Africa
Spain;spain;4.2;2018 est.;97;Europe
Sri Lanka;sri-lanka;2.1;2018 est.;177;South Asia
Suriname;suriname;7.2;2019 est.;19;South America
Sweden;sweden;7.6;2018 est.;15;Europe
Switzerland;switzerland;4.9;2018 est.;71;Europe
Tajikistan;tajikistan;5.7;2019 est.;39;Central Asia
Tanzania;tanzania;3.1;2020 est.;146;Africa
Thailand;thailand;3;2019 est.;151;East and Southeast Asia
Timorleste;timor-leste;6.8;2018 est.;23;East and Southeast Asia
Togo;togo;5;2019 est.;65;Africa
Tonga;tonga;8;2019 est.;10;Australia and Oceania
TrinidadandTobago;trinidad-and-tobago;3.6;2019 est.;121;Central America and the Caribbean
Tunisia;tunisia;7.3;2016 est.;18;Africa
Turkey;turkey-turkiye;4.3;2018 est.;93;Middle East
Turkmenistan;turkmenistan;3.1;2019 est.;147;Central Asia
TurksandCaicosIslands;turks-and-caicos-islands;3.5;2019 est.;128;Central America and the Caribbean
Uganda;uganda;3;2020 est.;152;Africa
Ukraine;ukraine;5.4;2019 est.;47;Europe
United Arab Emirates ;united-arab-emirates;3.1;2019 est.;148;Middle East
United Kingdom ;united-kingdom;5.2;2018 est.;55;Europe
UnitedStates;united-states;5;2014 est.;66;North America
Uruguay;uruguay;4.7;2019 est.;78;South America
Uzbekistan;uzbekistan;5.1;2020 est.;61;Central Asia
Vanuatu;vanuatu;2.3;2020 est.;174;Australia and Oceania
Venezuela ;venezuela;1.3;2017 est.;188;South America
Vietnam;vietnam;4.1;2019 est.;101;East and Southeast Asia
West Bank;west-bank;5.3;2018 est.;52;Middle East
Zambia;zambia;4.5;2019;85;Africa
Zimbabwe;zimbabwe;3.6;2018 est.;122;Africa
